브랜드명,매장수,평균거리_m,중앙값거리_m,최소거리_m,최대거리_m,100m이내비율(%),300m이내비율(%)
커피빈,240,126.67350439790263,99.5761211024753,0.3893250796392682,921.6050252184793,50.0,94.58333333333333
할리스,115,214.24704235027204,133.00539445950216,31.331040858511635,1071.3482246387975,33.04347826086956,80.0
텐퍼센트커피,87,225.15157694525118,152.99381901481863,21.15685254540388,1023.8786905556058,22.988505747126435,78.16091954022988
매머드커피,450,240.59620643435204,160.89294337733128,6.116808584179784,3000.906804267962,26.88888888888889,75.55555555555556
투썸플레이스,376,246.03326348191533,150.43417337096167,3.845199154382147,2048.0937193793816,31.914893617021278,76.06382978723404
탐앤탐스,65,273.45497972204953,144.129502172917,34.285890521496384,2036.3558096915033,29.230769230769234,72.3076923076923
빽다방,372,291.94511977997763,189.8158161437226,6.681414440434178,1509.2656949140282,24.731182795698924,69.08602150537635
기타커피전문점,23467,326.3879786170627,248.6895850623592,0.14472596617318878,3000.906804267962,17.29236800613628,58.43951080240337
컴포즈커피,458,326.4606684308265,225.5426475150033,2.6560972587476215,1891.3476335539399,21.17903930131004,61.135371179039296
더벤티,158,333.9367927998069,227.5550683081642,9.705426510409005,2028.8807548980624,20.88607594936709,66.45569620253164
메가커피,979,351.6005377016014,258.24053758970047,0.44831957845662546,2053.356016664741,18.181818181818183,55.7711950970378
이디야,436,357.771353453207,256.8212016456489,8.073784099361843,2216.424373967651,16.51376146788991,56.42201834862385
